{"is_source_file": true, "format": "JavaScript (React JSX)", "description": "This file is the main application component (App.js) for a simple notes app implemented using React. It manages notes stored in localStorage, handles creating, editing, deleting notes, and controls UI interactions.", "external_files": ["./components/NoteForm", "./components/NoteList", "./utils/storage"], "external_methods": ["loadNotes", "saveNotes"], "published": ["App"], "classes": [], "methods": [{"name": "makeId()", "description": "Generates a unique ID string based on current timestamp and a random component.", "scope": "", "scopeKind": ""}, {"name": "sortByUpdatedDesc(a, b)", "description": "Comparator function to sort notes by 'updatedAt' timestamp in descending order.", "scope": "", "scopeKind": ""}, {"name": "App()", "description": "Main React component for the note application, managing state and rendering UI.", "scope": "", "scopeKind": ""}, {"name": "announce(message)", "description": "Updates the statusMessage state to provide accessibility announcements.", "scope": "App", "scopeKind": "function"}, {"name": "handleSave({ title, body })", "description": "Handles saving a note, either updating an existing one or creating a new note.", "scope": "App", "scopeKind": "function"}, {"name": "handleCancel()", "description": "Cancels editing mode and resets editing state.", "scope": "App", "scopeKind": "function"}, {"name": "handleEdit(note)", "description": "Sets a note into editing mode based on its ID.", "scope": "App", "scopeKind": "function"}, {"name": "handleDelete(note)", "description": "Deletes a note after user confirmation.", "scope": "App", "scopeKind": "function"}], "calls": ["loadNotes", "saveNotes", "React.useState", "React.useMemo", "React.useEffect", "window.confirm"], "search-terms": ["localNotes", "useEffect for persistence", "NoteForm handling", "Note list sorting", "Editing notes in React"], "state": 2, "file_id": 6, "knowledge_revision": 35, "git_revision": "cb3f717d578b5efca02aa8b49d0a46f78c0b028c", "revision_history": [{"25": "cb3f717d578b5efca02aa8b49d0a46f78c0b028c"}, {"35": "cb3f717d578b5efca02aa8b49d0a46f78c0b028c"}], "ctags": [{"_type": "tag", "name": "App", "path": "/home/kavia/workspace/code-generation/simple-notes-app-219495-219504/notes_frontend/src/App.js", "pattern": "/^export default function App() {$/", "language": "JavaScript", "kind": "function", "signature": "()"}, {"_type": "tag", "name": "announce", "path": "/home/kavia/workspace/code-generation/simple-notes-app-219495-219504/notes_frontend/src/App.js", "pattern": "/^  function announce(message) {$/", "language": "JavaScript", "kind": "function", "signature": "(message)", "scope": "App", "scopeKind": "function"}, {"_type": "tag", "name": "editingId", "path": "/home/kavia/workspace/code-generation/simple-notes-app-219495-219504/notes_frontend/src/App.js", "pattern": "/^            activeNoteId={editingId}$/", "language": "JavaScript", "kind": "field", "scope": "App.activeNoteId", "scopeKind": "class"}, {"_type": "tag", "name": "handleCancel", "path": "/home/kavia/workspace/code-generation/simple-notes-app-219495-219504/notes_frontend/src/App.js", "pattern": "/^  function handleCancel() {$/", "language": "JavaScript", "kind": "function", "signature": "()", "scope": "App", "scopeKind": "function"}, {"_type": "tag", "name": "handleDelete", "path": "/home/kavia/workspace/code-generation/simple-notes-app-219495-219504/notes_frontend/src/App.js", "pattern": "/^            onDelete={handleDelete}$/", "language": "JavaScript", "kind": "field", "scope": "App.onDelete", "scopeKind": "class"}, {"_type": "tag", "name": "handleDelete", "path": "/home/kavia/workspace/code-generation/simple-notes-app-219495-219504/notes_frontend/src/App.js", "pattern": "/^  function handleDelete(note) {$/", "language": "JavaScript", "kind": "function", "signature": "(note)", "scope": "App", "scopeKind": "function"}, {"_type": "tag", "name": "handleEdit", "path": "/home/kavia/workspace/code-generation/simple-notes-app-219495-219504/notes_frontend/src/App.js", "pattern": "/^            onEdit={handleEdit}$/", "language": "JavaScript", "kind": "field", "scope": "App.onEdit", "scopeKind": "class"}, {"_type": "tag", "name": "handleEdit", "path": "/home/kavia/workspace/code-generation/simple-notes-app-219495-219504/notes_frontend/src/App.js", "pattern": "/^  function handleEdit(note) {$/", "language": "JavaScript", "kind": "function", "signature": "(note)", "scope": "App", "scopeKind": "function"}, {"_type": "tag", "name": "handleSave", "path": "/home/kavia/workspace/code-generation/simple-notes-app-219495-219504/notes_frontend/src/App.js", "pattern": "/^  function handleSave({ title, body }) {$/", "language": "JavaScript", "kind": "function", "signature": "({ title, body })", "scope": "App", "scopeKind": "function"}, {"_type": "tag", "name": "makeId", "path": "/home/kavia/workspace/code-generation/simple-notes-app-219495-219504/notes_frontend/src/App.js", "pattern": "/^function makeId() {$/", "language": "JavaScript", "kind": "function", "signature": "()"}, {"_type": "tag", "name": "sortByUpdatedDesc", "path": "/home/kavia/workspace/code-generation/simple-notes-app-219495-219504/notes_frontend/src/App.js", "pattern": "/^function sortByUpdatedDesc(a, b) {$/", "language": "JavaScript", "kind": "function", "signature": "(a, b)"}, {"_type": "tag", "name": "sortedNotes", "path": "/home/kavia/workspace/code-generation/simple-notes-app-219495-219504/notes_frontend/src/App.js", "pattern": "/^            notes={sortedNotes}$/", "language": "JavaScript", "kind": "field", "scope": "App.notes", "scopeKind": "class"}], "hash": "4610504a0ee990193763e7dee163c61c", "format-version": 4, "code-base-name": "notes_frontend", "filename": "notes_frontend/src/App.js", "fields": [{"name": "activeNoteId={editingId}", "scope": "App.activeNoteId", "scopeKind": "class", "description": "unavailable"}, {"name": "onDelete={handleDelete}", "scope": "App.onDelete", "scopeKind": "class", "description": "unavailable"}, {"name": "onEdit={handleEdit}", "scope": "App.onEdit", "scopeKind": "class", "description": "unavailable"}, {"name": "notes={sortedNotes}", "scope": "App.notes", "scopeKind": "class", "description": "unavailable"}]}