{"is_source_file": false, "format": "", "description": "", "external_files": [], "external_methods": [], "published": [], "classes": [], "methods": [], "calls": [], "search-terms": [], "state": 2, "file_id": 11, "knowledge_revision": 39, "git_revision": "cb3f717d578b5efca02aa8b49d0a46f78c0b028c", "hash": "4bdeec0019a5ba10f89f3083613b1947", "format-version": 4, "code-base-name": "notes_frontend", "filename": "notes_frontend/README.md", "revision_history": [{"39": "cb3f717d578b5efca02aa8b49d0a46f78c0b028c"}]}