{"is_source_file": false, "format": null, "description": "", "external_files": [], "external_methods": [], "published": [], "classes": [], "methods": [], "calls": [], "search-terms": [], "state": 2, "file_id": 2, "knowledge_revision": 17, "git_revision": "cb3f717d578b5efca02aa8b49d0a46f78c0b028c", "hash": "d9d975cebe2ec20b6c652e1e4c12ccf0", "format-version": 4, "code-base-name": "notes_frontend", "filename": "notes_frontend/public/manifest.json", "revision_history": [{"17": "cb3f717d578b5efca02aa8b49d0a46f78c0b028c"}]}