{"is_source_file": false, "format": "", "description": "", "external_files": [], "external_methods": [], "published": [], "classes": [], "methods": [], "calls": [], "search-terms": [], "state": 2, "file_id": 7, "knowledge_revision": 37, "git_revision": "cb3f717d578b5efca02aa8b49d0a46f78c0b028c", "hash": "93085f312a3e38027df0d124feb6c85d", "format-version": 4, "code-base-name": "notes_frontend", "filename": "notes_frontend/src/index.css", "revision_history": [{"37": "cb3f717d578b5efca02aa8b49d0a46f78c0b028c"}]}