{"is_source_file": true, "format": "JavaScript", "description": "This file is the entry point for a React application, setting up the rendering of the main App component into the DOM.", "external_files": ["react", "react-dom/client", "./index.css", "./App"], "external_methods": ["ReactDOM.createRoot", "root.render"], "published": ["<global scope>", "React", "ReactDOM", "root"], "classes": [], "methods": [{"name": "ReactDOM.createRoot", "description": "Creates a root React DOM container for rendering."}, {"name": "root.render", "description": "Renders React elements into the DOM."}], "calls": ["ReactDOM.createRoot", "root.render"], "search-terms": ["React", "index.js", "ReactDOM", "createRoot", "render", "main", "entry point"], "state": 2, "file_id": 5, "knowledge_revision": 24, "git_revision": "cb3f717d578b5efca02aa8b49d0a46f78c0b028c", "ctags": [{"_type": "tag", "name": "root", "path": "/home/kavia/workspace/code-generation/simple-notes-app-219495-219504/notes_frontend/src/index.js", "pattern": "/^const root = ReactDOM.createRoot(document.getElementById('root'));$/", "language": "JavaScript", "kind": "constant"}], "hash": "9fc5841375336fc175b49f8767a11383", "format-version": 4, "code-base-name": "notes_frontend", "filename": "notes_frontend/src/index.js", "revision_history": [{"24": "cb3f717d578b5efca02aa8b49d0a46f78c0b028c"}]}