{"is_source_file": true, "format": "JavaScript", "description": "This file provides utility functions for handling local storage related to notes in a notes application. It includes functions to get the storage key, load notes from local storage, and save notes to local storage.", "external_files": ["window.localStorage"], "external_methods": ["window.localStorage.getItem", "window.localStorage.setItem"], "published": ["getNotesStorageKey", "loadNotes", "saveNotes"], "classes": [], "methods": [{"name": "getNotesStorageKey()", "description": "Returns the localStorage key used by this app.", "scope": "", "scopeKind": ""}, {"name": "loadNotes()", "description": "Loads notes from localStorage, returning an array of note objects or an empty array if none are found or if parsing fails.", "scope": "", "scopeKind": ""}, {"name": "saveNotes(notes)", "description": "Saves an array of note objects to localStorage under the specified key.", "scope": "", "scopeKind": ""}], "calls": ["window.localStorage.getItem", "window.localStorage.setItem"], "search-terms": ["localStorage helpers", "storage key", "load notes", "save notes", "notes app storage"], "state": 2, "file_id": 13, "knowledge_revision": 28, "git_revision": "", "ctags": [{"_type": "tag", "name": "STORAGE_KEY", "path": "/home/kavia/workspace/code-generation/simple-notes-app-219495-219504/notes_frontend/src/utils/storage.js", "pattern": "/^const STORAGE_KEY = \"notes_app.items\";$/", "language": "JavaScript", "kind": "constant"}, {"_type": "tag", "name": "getNotesStorageKey", "path": "/home/kavia/workspace/code-generation/simple-notes-app-219495-219504/notes_frontend/src/utils/storage.js", "pattern": "/^export function getNotesStorageKey() {$/", "language": "JavaScript", "kind": "function", "signature": "()"}, {"_type": "tag", "name": "loadNotes", "path": "/home/kavia/workspace/code-generation/simple-notes-app-219495-219504/notes_frontend/src/utils/storage.js", "pattern": "/^export function loadNotes() {$/", "language": "JavaScript", "kind": "function", "signature": "()"}, {"_type": "tag", "name": "saveNotes", "path": "/home/kavia/workspace/code-generation/simple-notes-app-219495-219504/notes_frontend/src/utils/storage.js", "pattern": "/^export function saveNotes(notes) {$/", "language": "JavaScript", "kind": "function", "signature": "(notes)"}], "hash": "33761aed759cc7ac80ee6a64b38f0d3e", "format-version": 4, "code-base-name": "notes_frontend", "filename": "notes_frontend/src/utils/storage.js", "revision_history": [{"28": ""}]}