{"is_source_file": true, "format": "JavaScript (React JSX)", "description": "This file defines a React component 'NoteList' that renders a list of notes with support for active state, editing, and deleting notes. It handles display when there are no notes and maps over provided notes to display individual NoteItem components.", "external_files": ["./NoteItem"], "external_methods": [], "published": ["NoteList"], "classes": [], "methods": [{"name": "NoteList({ notes, activeNoteId, onEdit, onDelete })", "description": "React functional component that displays a list of notes, handles empty state, and communicates with parent component through callbacks.", "scope": "", "scopeKind": ""}], "calls": ["React", "NoteItem"], "search-terms": ["NoteList", "notes", "NoteItem", "list", "React JSX", "Notes list"], "state": 2, "file_id": 16, "knowledge_revision": 34, "git_revision": "", "ctags": [{"_type": "tag", "name": "NoteList", "path": "/home/kavia/workspace/code-generation/simple-notes-app-219495-219504/notes_frontend/src/components/NoteList.js", "pattern": "/^export default function NoteList({ notes, activeNoteId, onEdit, onDelete }) {$/", "language": "JavaScript", "kind": "function", "signature": "({ notes, activeNoteId, onEdit, onDelete })"}], "hash": "17d86f5965d3229ca7d7fadb0f5fe223", "format-version": 4, "code-base-name": "notes_frontend", "filename": "notes_frontend/src/components/NoteList.js", "revision_history": [{"34": ""}]}