{"is_source_file": false, "format": "", "description": "", "external_files": [], "external_methods": [], "published": [], "classes": [], "methods": [], "calls": [], "search-terms": ["index.html", "HTML", "public directory", "web page template", "web app"], "state": 2, "file_id": 3, "knowledge_revision": 15, "git_revision": "cb3f717d578b5efca02aa8b49d0a46f78c0b028c", "hash": "d2b40d02d5f7873d8a6713bad837edd4", "format-version": 4, "code-base-name": "notes_frontend", "filename": "notes_frontend/public/index.html", "revision_history": [{"15": "cb3f717d578b5efca02aa8b49d0a46f78c0b028c"}]}