{"is_source_file": true, "format": "JavaScript (ES Module)", "description": "ESLint configuration file in JavaScript format, setting linting rules and plugin configurations for a project, including React support.", "external_files": ["@eslint/js", "eslint-plugin-react"], "external_methods": [], "published": [], "classes": [], "methods": [], "calls": ["pluginJs", "pluginReact", "pluginJs.configs.recommended"], "search-terms": ["eslint.config", "ESLint", "pluginJs", "pluginReact", "react", "rules", "eslint", "ECMAScript", "jsx", "linting"], "state": 2, "file_id": 12, "knowledge_revision": 19, "git_revision": "cb3f717d578b5efca02aa8b49d0a46f78c0b028c", "hash": "be6538e7523bc2e9da0743133d784136", "format-version": 4, "code-base-name": "notes_frontend", "filename": "notes_frontend/eslint.config.mjs", "revision_history": [{"19": "cb3f717d578b5efca02aa8b49d0a46f78c0b028c"}]}