{"is_source_file": false, "format": "", "description": "", "external_files": [], "external_methods": [], "published": [], "classes": [], "methods": [], "calls": [], "search-terms": [], "state": 2, "file_id": 4, "knowledge_revision": 36, "git_revision": "cb3f717d578b5efca02aa8b49d0a46f78c0b028c", "hash": "f3f33bd963c97b878d1cc8f83346da65", "format-version": 4, "code-base-name": "notes_frontend", "filename": "notes_frontend/src/App.css", "revision_history": [{"36": "cb3f717d578b5efca02aa8b49d0a46f78c0b028c"}]}