{"is_source_file": true, "format": "JavaScript (React component)", "description": "A React component for rendering a single note item, including display of title, body, and timestamps, with edit and delete actions.", "external_files": [], "external_methods": ["React", "useMemo"], "published": [], "classes": [], "methods": [{"name": "formatDate(isoString)", "description": "Formats an ISO date string into a human-readable date and time string, with error handling fallback.", "scope": "", "scopeKind": ""}, {"name": "NoteItem({ note, onEdit, onDelete, isActive })", "description": "React functional component that renders a note with edit/delete buttons and formatted timestamps.", "scope": "", "scopeKind": ""}], "calls": ["new Date(isoString)", "Intl.DateTimeFormat().format(d)", "useMemo()", "onEdit(note)", "onDelete(note)"], "search-terms": ["NoteItem", "formatDate", "React", "useMemo", "note", "timestamp formatting", "note actions"], "state": 2, "file_id": 15, "knowledge_revision": 32, "git_revision": "", "ctags": [{"_type": "tag", "name": "NoteItem", "path": "/home/kavia/workspace/code-generation/simple-notes-app-219495-219504/notes_frontend/src/components/NoteItem.js", "pattern": "/^export default function NoteItem({ note, onEdit, onDelete, isActive }) {$/", "language": "JavaScript", "kind": "function", "signature": "({ note, onEdit, onDelete, isActive })"}, {"_type": "tag", "name": "formatDate", "path": "/home/kavia/workspace/code-generation/simple-notes-app-219495-219504/notes_frontend/src/components/NoteItem.js", "pattern": "/^function formatDate(isoString) {$/", "language": "JavaScript", "kind": "function", "signature": "(isoString)"}, {"_type": "tag", "name": "noteCard ${isActive ? \"noteCardActive\" : \"\"}", "path": "/home/kavia/workspace/code-generation/simple-notes-app-219495-219504/notes_frontend/src/components/NoteItem.js", "pattern": "/^    <article className={`noteCard ${isActive ? \"noteCardActive\" : \"\"}`}>$/", "language": "JavaScript", "kind": "field", "scope": "NoteItem.AnonymousClasscb7eb0a50101", "scopeKind": "class"}], "hash": "0b283ea030849c843edf498de2e0a1db", "format-version": 4, "code-base-name": "notes_frontend", "filename": "notes_frontend/src/components/NoteItem.js", "fields": [{"name": "<article className={`noteCard ${isActive ? \"noteCardActive\" : \"\"}`}>", "scope": "NoteItem.AnonymousClasscb7eb0a50101", "scopeKind": "class", "description": "unavailable"}], "revision_history": [{"32": ""}]}