{"is_source_file": false, "format": "", "description": "", "external_files": [], "external_methods": [], "published": [], "classes": [], "methods": [], "calls": [], "search-terms": [], "state": 2, "file_id": 10, "knowledge_revision": 26, "git_revision": "cb3f717d578b5efca02aa8b49d0a46f78c0b028c", "hash": "96ccdb7ccd9e99a3d521bf6846d09458", "format-version": 4, "code-base-name": "notes_frontend", "filename": "notes_frontend/package.json", "revision_history": [{"26": "cb3f717d578b5efca02aa8b49d0a46f78c0b028c"}]}