{"is_source_file": true, "format": "JavaScript", "description": "Test setup file for the front-end application, configuring Jest DOM matchers for testing DOM nodes.", "external_files": ["@testing-library/jest-dom"], "external_methods": [], "published": [], "classes": [], "methods": [], "calls": ["import '@testing-library/jest-dom'"], "search-terms": ["setupTests.js", "jest-dom", "testing-library", "test setup", "Jest DOM matchers"], "state": 2, "file_id": 8, "knowledge_revision": 23, "git_revision": "cb3f717d578b5efca02aa8b49d0a46f78c0b028c", "ctags": [], "hash": "1a77571e1a8cf36018a41bcedf60db75", "format-version": 4, "code-base-name": "notes_frontend", "filename": "notes_frontend/src/setupTests.js", "revision_history": [{"23": "cb3f717d578b5efca02aa8b49d0a46f78c0b028c"}]}