{"is_source_file": true, "format": "JavaScript (React JSX)", "description": "React component for a note form allowing creating and editing notes, managing form state and validation.", "external_files": [], "external_methods": [], "published": ["NoteForm"], "classes": [], "methods": [{"name": "NoteForm({ editingNote, onSave, onCancel })", "description": "React functional component for creating or editing a note, handling form state, validation, and user interactions.", "scope": "", "scopeKind": ""}, {"name": "handleCancel()", "scope": "NoteForm", "scopeKind": "function", "description": "unavailable"}, {"name": "handleSubmit(e)", "scope": "NoteForm", "scopeKind": "function", "description": "unavailable"}, {"name": "validate(nextTitle)", "scope": "NoteForm", "scopeKind": "function", "description": "unavailable"}], "calls": ["useEffect", "useMemo", "useState", "validate", "onSave", "onCancel"], "search-terms": ["NotesForm", "React component", "note creation", "note editing", "form validation", "local state", "props"], "state": 2, "file_id": 14, "knowledge_revision": 30, "git_revision": "", "ctags": [{"_type": "tag", "name": "5", "path": "/home/kavia/workspace/code-generation/simple-notes-app-219495-219504/notes_frontend/src/components/NoteForm.js", "pattern": "/^            rows={5}$/", "language": "JavaScript", "kind": "field", "scope": "NoteForm.rows", "scopeKind": "class"}, {"_type": "tag", "name": "NoteForm", "path": "/home/kavia/workspace/code-generation/simple-notes-app-219495-219504/notes_frontend/src/components/NoteForm.js", "pattern": "/^export default function NoteForm({ editingNote, onSave, onCancel }) {$/", "language": "JavaScript", "kind": "function", "signature": "({ editingNote, onSave, onCancel })"}, {"_type": "tag", "name": "body", "path": "/home/kavia/workspace/code-generation/simple-notes-app-219495-219504/notes_frontend/src/components/NoteForm.js", "pattern": "/^            value={body}$/", "language": "JavaScript", "kind": "field", "scope": "NoteForm.value", "scopeKind": "class"}, {"_type": "tag", "name": "handleCancel", "path": "/home/kavia/workspace/code-generation/simple-notes-app-219495-219504/notes_frontend/src/components/NoteForm.js", "pattern": "/^  function handleCancel() {$/", "language": "JavaScript", "kind": "function", "signature": "()", "scope": "NoteForm", "scopeKind": "function"}, {"_type": "tag", "name": "handleSubmit", "path": "/home/kavia/workspace/code-generation/simple-notes-app-219495-219504/notes_frontend/src/components/NoteForm.js", "pattern": "/^  function handleSubmit(e) {$/", "language": "JavaScript", "kind": "function", "signature": "(e)", "scope": "NoteForm", "scopeKind": "function"}, {"_type": "tag", "name": "input ${titleError ? \"inputError\" : \"\"}", "path": "/home/kavia/workspace/code-generation/simple-notes-app-219495-219504/notes_frontend/src/components/NoteForm.js", "pattern": "/^            className={`input ${titleError ? \"inputError\" : \"\"}`}$/", "language": "JavaScript", "kind": "field", "scope": "NoteForm.className", "scopeKind": "class"}, {"_type": "tag", "name": "title", "path": "/home/kavia/workspace/code-generation/simple-notes-app-219495-219504/notes_frontend/src/components/NoteForm.js", "pattern": "/^            value={title}$/", "language": "JavaScript", "kind": "field", "scope": "NoteForm.value", "scopeKind": "class"}, {"_type": "tag", "name": "titleError", "path": "/home/kavia/workspace/code-generation/simple-notes-app-219495-219504/notes_frontend/src/components/NoteForm.js", "pattern": "/^            aria-describedby={titleError ? \"note-title-error\" : undefined}$/", "language": "JavaScript", "kind": "field", "scope": "NoteForm.aria", "scopeKind": "class"}, {"_type": "tag", "name": "titleError", "path": "/home/kavia/workspace/code-generation/simple-notes-app-219495-219504/notes_frontend/src/components/NoteForm.js", "pattern": "/^            aria-invalid={titleError ? \"true\" : \"false\"}$/", "language": "JavaScript", "kind": "field", "scope": "NoteForm.aria", "scopeKind": "class"}, {"_type": "tag", "name": "validate", "path": "/home/kavia/workspace/code-generation/simple-notes-app-219495-219504/notes_frontend/src/components/NoteForm.js", "pattern": "/^  function validate(nextTitle) {$/", "language": "JavaScript", "kind": "function", "signature": "(nextTitle)", "scope": "NoteForm", "scopeKind": "function"}], "hash": "83815fc3c50429a048d01ceaeab46d84", "format-version": 4, "code-base-name": "notes_frontend", "filename": "notes_frontend/src/components/NoteForm.js", "fields": [{"name": "rows={5}", "scope": "NoteForm.rows", "scopeKind": "class", "description": "unavailable"}, {"name": "value={body}", "scope": "NoteForm.value", "scopeKind": "class", "description": "unavailable"}, {"name": "className={`input ${titleError ? \"inputError\" : \"\"}`}", "scope": "NoteForm.className", "scopeKind": "class", "description": "unavailable"}, {"name": "value={title}", "scope": "NoteForm.value", "scopeKind": "class", "description": "unavailable"}, {"name": "aria-describedby={titleError ? \"note-title-error\" : undefined}", "scope": "NoteForm.aria", "scopeKind": "class", "description": "unavailable"}, {"name": "aria-invalid={titleError ? \"true\" : \"false\"}", "scope": "NoteForm.aria", "scopeKind": "class", "description": "unavailable"}], "revision_history": [{"30": ""}]}